Race,State,Police Funding,Year,Number of Deaths,Population,Funding/Person,Count,Death Rate,Death Rate (10^-5)
White,Alaska,375107,2013,1,737068,0.508917766,494783,2.02109E-06,0.202108803
Black,Alaska,371803,2014,1,736283,0.504972952,26975,3.70714E-05,3.707136237
White,Alaska,371803,2014,1,736283,0.504972952,492186,2.03175E-06,0.203175222
Native American,Alaska,395059,2015,2,737498,0.535674673,112416,1.77911E-05,1.779106177
White,Alaska,395059,2015,1,737498,0.535674673,490845,2.0373E-06,0.203730302
Native American,Alaska,368170,2016,3,741456,0.496550031,113262,2.64873E-05,2.648725963
White,Alaska,368170,2016,4,741456,0.496550031,490758,8.15066E-06,0.815065674
Black,Alaska,365305,2017,1,739700,0.493855617,27739,3.60503E-05,3.605032626
Native American,Alaska,365305,2017,2,739700,0.493855617,113738,1.75843E-05,1.758427263
White,Alaska,365305,2017,4,739700,0.493855617,486188,8.22727E-06,0.822727011
Black,Alaska,425273,2018,1,735139,0.578493319,27652,3.61637E-05,3.616374946
Native American,Alaska,425273,2018,4,735139,0.578493319,114006,3.50859E-05,3.508587267
White,Alaska,425273,2018,3,735139,0.578493319,481239,6.23391E-06,0.623390872
Asian,Alabama,1163321,2013,1,4830081,0.24084917,63011,1.58702E-05,1.587024488
Black,Alabama,1163321,2013,12,4830081,0.24084917,1284340,9.34332E-06,0.93433203
White,Alabama,1163321,2013,4,4830081,0.24084917,3372203,1.18617E-06,0.118616821
Black,Alabama,1169003,2014,7,4841799,0.241439804,1290579,5.42392E-06,0.542392213
White,Alabama,1169003,2014,10,4841799,0.241439804,3373358,2.96441E-06,0.29644052
Black,Alabama,1239236,2015,7,4852347,0.25538899,1297313,5.39577E-06,0.539576802
White,Alabama,1239236,2015,11,4852347,0.25538899,3372343,3.26183E-06,0.326182716
Black,Alabama,1249556,2016,7,4863525,0.256923939,1301635,5.37785E-06,0.53778517
White,Alabama,1249556,2016,19,4863525,0.256923939,3374106,5.63112E-06,0.563112125
Black,Alabama,1275691,2017,8,4874486,0.261707799,1305617,6.12737E-06,0.61273712
White,Alabama,1275691,2017,16,4874486,0.261707799,3376527,4.7386E-06,0.473859679
Black,Alabama,1312449,2018,3,4887681,0.26852182,1309574,2.29082E-06,0.229082129
White,Alabama,1312449,2018,10,4887681,0.26852182,3381642,2.95714E-06,0.29571433
Black,Arkansas,640326,2013,6,2959400,0.21637021,461473,1.30018E-05,1.300184409
White,Arkansas,640326,2013,9,2959400,0.21637021,2363626,3.80771E-06,0.3807709
Black,Arkansas,645494,2014,2,2967392,0.217529063,463401,4.31592E-06,0.431591645
White,Arkansas,645494,2014,4,2967392,0.217529063,2365842,1.69073E-06,0.169072998
Black,Arkansas,677496,2015,1,2978048,0.227496669,466189,2.14505E-06,0.214505276
White,Arkansas,677496,2015,4,2978048,0.227496669,2369297,1.68826E-06,0.168826449
Black,Arkansas,680398,2016,3,2989918,0.2275641,469025,6.39625E-06,0.639624753
White,Arkansas,680398,2016,13,2989918,0.2275641,2372809,5.47874E-06,0.547873849
Asian,Arkansas,672786,2017,1,3001345,0.224161501,49422,2.02339E-05,2.023390393
Black,Arkansas,672786,2017,5,3001345,0.224161501,470694,1.06226E-05,1.062261257
White,Arkansas,672786,2017,7,3001345,0.224161501,2377792,2.94391E-06,0.294390763
Black,Arkansas,695923,2018,7,3009733,0.231224165,471988,1.48309E-05,1.483088553
White,Arkansas,695923,2018,13,3009733,0.231224165,2381554,5.45862E-06,0.545862072
Black,Arizona,2043431,2013,6,6632764,0.308081367,306678,1.95645E-05,1.956449436
Native American,Arizona,2043431,2013,1,6632764,0.308081367,353396,2.82969E-06,0.282968681
White,Arizona,2043431,2013,20,6632764,0.308081367,5566820,3.59272E-06,0.359271541
Black,Arizona,2042867,2014,5,6730413,0.303527733,316562,1.57947E-05,1.579469425
White,Arizona,2042867,2014,18,6730413,0.303527733,5631624,3.19624E-06,0.319623611
Black,Arizona,2113256,2015,1,6829676,0.309422585,328032,3.04848E-06,0.304848307
Native American,Arizona,2113256,2015,2,6829676,0.309422585,364354,5.48917E-06,0.548916713
White,Arizona,2113256,2015,28,6829676,0.309422585,5699435,4.91277E-06,0.491276767
Black,Arizona,2267170,2016,4,6941072,0.326631103,340938,1.17323E-05,1.173233843
Native American,Arizona,2267170,2016,6,6941072,0.326631103,370059,1.62136E-05,1.62136308
White,Arizona,2267170,2016,22,6941072,0.326631103,5773622,3.81043E-06,0.381043303
Black,Arizona,2454185,2017,7,7044008,0.348407469,352008,1.98859E-05,1.988591168
White,Arizona,2454185,2017,18,7044008,0.348407469,5845558,3.07926E-06,0.307926121
Black,Arizona,2395240,2018,5,7158024,0.334623075,364149,1.37306E-05,1.373064323
Native American,Arizona,2395240,2018,3,7158024,0.334623075,380930,7.87546E-06,0.787546268
White,Arizona,2395240,2018,26,7158024,0.334623075,5928410,4.38566E-06,0.438566159
Asian,California,15090872,2013,9,38260787,0.394421369,5403085,1.66572E-06,0.166571505
Black,California,15090872,2013,31,38260787,0.394421369,2509919,1.2351E-05,1.235099619
White,California,15090872,2013,58,38260787,0.394421369,28130737,2.0618E-06,0.206180165
Asian,California,15904639,2014,5,38596972,0.412069605,5537896,9.0287E-07,0.090286997
Black,California,15904639,2014,23,38596972,0.412069605,2522246,9.11886E-06,0.911885676
Native American,California,15904639,2014,2,38596972,0.412069605,635115,3.14904E-06,0.3149036
Pacific Islander,California,15904639,2014,1,38596972,0.412069605,191689,5.21678E-06,0.521678344
White,California,15904639,2014,48,38596972,0.412069605,28280234,1.6973E-06,0.169729854
Asian,California,16535225,2015,13,38918045,0.424872961,5685743,2.28642E-06,0.228642061
Black,California,16535225,2015,36,38918045,0.424872961,2531244,1.42223E-05,1.422225593
Pacific Islander,California,16535225,2015,2,38918045,0.424872961,193835,1.03181E-05,1.031805402
White,California,16535225,2015,60,38918045,0.424872961,28404773,2.11232E-06,0.211232105
Asian,California,17557870,2016,4,39167117,0.448280888,5813827,6.88015E-07,0.068801497
Black,California,17557870,2016,25,39167117,0.448280888,2537131,9.85365E-06,0.985364965
Native American,California,17557870,2016,1,39167117,0.448280888,641036,1.55997E-06,0.155997479
Pacific Islander,California,17557870,2016,2,39167117,0.448280888,195842,1.02123E-05,1.021231401
White,California,17557870,2016,46,39167117,0.448280888,28484043,1.61494E-06,0.161493928
Asian,California,18903311,2017,3,39358497,0.480285388,5930737,5.05839E-07,0.050583932
Black,California,18903311,2017,28,39358497,0.480285388,2543564,1.10082E-05,1.100817593
Native American,California,18903311,2017,2,39358497,0.480285388,643442,3.10828E-06,0.310828326
Pacific Islander,California,18903311,2017,2,39358497,0.480285388,197581,1.01224E-05,1.01224308
White,California,18903311,2017,54,39358497,0.480285388,28518935,1.89348E-06,0.189347884
Asian,California,19983844,2018,4,39461588,0.506412565,6021008,6.64341E-07,0.066434059
Black,California,19983844,2018,20,39461588,0.506412565,2547988,7.84933E-06,0.784933053
White,California,19983844,2018,33,39461588,0.506412565,28497432,1.158E-06,0.115799908
Black,Colorado,1636127,2013,1,5269035,0.310517391,231172,4.32578E-06,0.43257834
White,Colorado,1636127,2013,10,5269035,0.310517391,4634898,2.15754E-06,0.215754478
Black,Colorado,1762363,2014,2,5350101,0.329407426,237728,8.41298E-06,0.841297617
White,Colorado,1762363,2014,8,5350101,0.329407426,4696582,1.70337E-06,0.170336641
Asian,Colorado,1779074,2015,2,5450623,0.326398285,177346,1.12774E-05,1.127738996
Black,Colorado,1779074,2015,5,5450623,0.326398285,244464,2.04529E-05,2.045290922
Native American,Colorado,1779074,2015,1,5450623,0.326398285,86001,1.16278E-05,1.162777177
White,Colorado,1779074,2015,11,5450623,0.326398285,4773687,2.3043E-06,0.230429854
Black,Colorado,1829355,2016,2,5539215,0.33025528,250138,7.99559E-06,0.799558644
White,Colorado,1829355,2016,19,5539215,0.33025528,4842319,3.92374E-06,0.392373984
Black,Colorado,1861271,2017,2,5611885,0.33166592,254236,7.86671E-06,0.786670652
Native American,Colorado,1861271,2017,3,5611885,0.33166592,89590,3.34859E-05,3.348588012
White,Colorado,1861271,2017,17,5611885,0.33166592,4897864,3.4709E-06,0.347090078
Asian,Colorado,1920013,2018,2,5691287,0.337360073,196679,1.01689E-05,1.016885382
Black,Colorado,1920013,2018,3,5691287,0.337360073,259806,1.15471E-05,1.154707743
Native American,Colorado,1920013,2018,1,5691287,0.337360073,91444,1.09357E-05,1.093565461
White,Colorado,1920013,2018,23,5691287,0.337360073,4956931,4.63997E-06,0.463996775
Black,Connecticut,1120723,2013,2,3594841,0.311758712,407444,4.90865E-06,0.490865002
White,Connecticut,1120723,2013,6,3594841,0.311758712,2934858,2.04439E-06,0.204439193
Asian,Connecticut,1136992,2014,1,3594524,0.316312257,159480,6.27038E-06,0.627037873
Black,Connecticut,1136992,2014,1,3594524,0.316312257,411182,2.43201E-06,0.243201307
White,Connecticut,1172595,2015,4,3587122,0.326890192,2904483,1.37718E-06,0.137718141
Black,Connecticut,1249334,2016,1,3578141,0.349157286,418863,2.38742E-06,0.238741546
White,Connecticut,1249334,2016,4,3578141,0.349157286,2886999,1.38552E-06,0.138552178
Black,Connecticut,1179779,2017,1,3573297,0.330165391,423337,2.36218E-06,0.236218426
White,Connecticut,1179779,2017,3,3573297,0.330165391,2872125,1.04452E-06,0.104452278
White,Connecticut,1225784,2018,1,3571520,0.343210734,2859546,3.49706E-07,0.034970586
Black,District of Columbia,559765,2013,6,650581,0.860407851,322207,1.86216E-05,1.862156936
Black,District of Columbia,604640,2014,3,662328,0.912901161,324743,9.23807E-06,0.923807442
Black,District of Columbia,584667,2015,6,675400,0.865660349,326784,1.83608E-05,1.836075206
Black,District of Columbia,593345,2016,5,685815,0.86516772,327757,1.52552E-05,1.525520431
Black,District of Columbia,639302,2017,1,694906,0.919983422,327813,3.05052E-06,0.305051966
White,District of Columbia,639302,2017,1,694906,0.919983422,313010,3.19479E-06,0.319478611
Black,District of Columbia,627829,2018,1,701547,0.894920796,327219,3.05606E-06,0.305605726
Black,Delaware,327268,2013,1,923576,0.354348749,205095,4.87579E-06,0.487578927
Black,Delaware,343148,2014,1,932487,0.367992262,208247,4.80199E-06,0.480198994
White,Delaware,343148,2014,2,932487,0.367992262,659498,3.03261E-06,0.303260965
Black,Delaware,360615,2015,2,941252,0.383122692,211750,9.4451E-06,0.944510035
White,Delaware,360615,2015,2,941252,0.383122692,662385,3.01939E-06,0.301939205
White,Delaware,354420,2016,1,948921,0.373497899,665087,1.50356E-06,0.150356269
Black,Delaware,378957,2017,4,956823,0.396057578,218390,1.83159E-05,1.831585695
White,Delaware,378957,2017,3,956823,0.396057578,668104,4.49032E-06,0.449031887
Black,Delaware,368410,2018,1,965479,0.381582613,221874,4.50706E-06,0.450706257
Black,Florida,7157530,2013,26,19545621,0.366196091,3275914,7.93672E-06,0.793671629
White,Florida,7157530,2013,32,19545621,0.366196091,15252903,2.09796E-06,0.209796129
Asian,Florida,7242698,2014,2,19845911,0.364946613,540284,3.70176E-06,0.370175685
Black,Florida,7242698,2014,30,19845911,0.364946613,3337671,8.9883E-06,0.898830352
White,Florida,7242698,2014,42,19845911,0.364946613,15455716,2.71744E-06,0.271744124
Asian,Florida,7529788,2015,2,20209042,0.372595,559565,3.5742E-06,0.357420496
Black,Florida,7529788,2015,34,20209042,0.372595,3403053,9.99103E-06,0.999102864
White,Florida,7529788,2015,26,20209042,0.372595,15712770,1.65471E-06,0.165470506
Asian,Florida,7869704,2016,2,20613477,0.3817747,582342,3.43441E-06,0.343440796
Black,Florida,7869704,2016,19,20613477,0.3817747,3472527,5.47152E-06,0.547151973
White,Florida,7869704,2016,39,20613477,0.3817747,16002588,2.43711E-06,0.24371058
Black,Florida,8509422,2017,20,20963613,0.405913904,3538457,5.65218E-06,0.565218116
White,Florida,8509422,2017,34,20963613,0.405913904,16245729,2.09286E-06,0.209285776
Black,Florida,8877458,2018,23,21244317,0.417874484,3589957,6.40676E-06,0.640676198
White,Florida,8877458,2018,42,21244317,0.417874484,16440418,2.55468E-06,0.255467957
Black,Georgia,2359086,2013,12,9972479,0.236559636,3138301,3.82373E-06,0.3823725
White,Georgia,2359086,2013,12,9972479,0.236559636,6214617,1.93093E-06,0.193093154
Black,Georgia,2403201,2014,13,10067278,0.238714079,3187865,4.07796E-06,0.407796441
White,Georgia,2403201,2014,11,10067278,0.238714079,6238124,1.76335E-06,0.176335065
Black,Georgia,2547838,2015,13,10178447,0.250316969,3241925,4.00996E-06,0.400996322
White,Georgia,2547838,2015,20,10178447,0.250316969,6270007,3.18979E-06,0.31897891
Asian,Georgia,2667236,2016,1,10301890,0.258907443,419915,2.38143E-06,0.238143434
Black,Georgia,2667236,2016,12,10301890,0.258907443,3298868,3.63761E-06,0.363761145
White,Georgia,2667236,2016,11,10301890,0.258907443,6305959,1.74438E-06,0.174438178
Black,Georgia,2739699,2017,14,10410330,0.263171196,3353318,4.17497E-06,0.417496939
White,Georgia,2739699,2017,20,10410330,0.263171196,6335279,3.15692E-06,0.31569249
Black,Georgia,2814041,2018,23,10511131,0.267720096,3404951,6.75487E-06,0.67548696
White,Georgia,2814041,2018,21,10511131,0.267720096,6361789,3.30096E-06,0.330095827
Pacific Islander,Hawaii,384496,2013,1,1408243,0.273032424,144264,6.93174E-06,0.693173626
White,Hawaii,384496,2013,2,1408243,0.273032424,365054,5.47864E-06,0.547864152
Pacific Islander,Hawaii,451152,2014,1,1414538,0.31893947,144813,6.90546E-06,0.690545738
Black,Hawaii,456058,2015,1,1422052,0.320704166,29752,3.36112E-05,3.36111858
Pacific Islander,Hawaii,456058,2015,1,1422052,0.320704166,145264,6.88402E-06,0.688401806
Asian,Hawaii,457839,2016,1,1427559,0.32071459,537694,1.85979E-06,0.185979386
Pacific Islander,Hawaii,457839,2016,3,1427559,0.32071459,145112,2.06737E-05,2.067368653
Pacific Islander,Hawaii,482783,2017,3,1424393,0.338939464,144728,2.07285E-05,2.072853905
White,Hawaii,482783,2017,1,1424393,0.338939464,368793,2.71155E-06,0.271154821
Asian,Hawaii,487184,2018,1,1420593,0.342944109,533488,1.87446E-06,0.187445641
Pacific Islander,Hawaii,487184,2018,7,1420593,0.342944109,144182,4.85497E-05,4.854974962
White,Hawaii,487184,2018,1,1420593,0.342944109,365570,2.73545E-06,0.273545422
White,Iowa,691160,2013,3,3092997,0.223459641,2853957,1.05117E-06,0.105117211
White,Iowa,726311,2014,7,3109350,0.233589335,2857962,2.4493E-06,0.244929779
White,Iowa,745119,2015,5,3120960,0.238746732,2859772,1.74839E-06,0.174839113
Black,Iowa,778945,2016,3,3131371,0.248755258,116268,2.58025E-05,2.580245639
White,Iowa,778945,2016,2,3131371,0.248755258,2860458,6.99189E-07,0.069918873
Black,Iowa,809746,2017,1,3141550,0.257753657,121427,8.2354E-06,0.823540069
White,Iowa,809746,2017,4,3141550,0.257753657,2859774,1.39871E-06,0.139871193
Black,Iowa,839533,2018,1,3148618,0.266635394,125033,7.99789E-06,0.799788856
White,Iowa,839533,2018,8,3148618,0.266635394,2859067,2.79812E-06,0.279811561
White,Idaho,400586,2013,4,1611206,0.248624943,1510665,2.64784E-06,0.264784052
Native American,Idaho,412193,2014,1,1631112,0.252706742,28142,3.55341E-05,3.553407718
White,Idaho,412193,2014,2,1631112,0.252706742,1527448,1.30937E-06,0.130937354
White,Idaho,404541,2015,6,1651059,0.245019106,1543339,3.88767E-06,0.388767471
White,Idaho,430772,2016,4,1682380,0.256049168,1569732,2.54821E-06,0.254820568
White,Idaho,453551,2017,4,1717715,0.26404322,1600865,2.49865E-06,0.249864917
Black,Idaho,458162,2018,1,1750536,0.261726694,15782,6.33633E-05,6.336332531
Native American,Idaho,458162,2018,1,1750536,0.261726694,30517,3.27686E-05,3.276862077
White,Idaho,458162,2018,10,1750536,0.261726694,1630052,6.13477E-06,0.613477361
Black,Illinois,4846853,2013,11,12895129,0.375866965,1899919,5.78972E-06,0.578972051
White,Illinois,4846853,2013,9,12895129,0.375866965,10012811,8.98848E-07,0.089884849
Asian,Illinois,4934275,2014,1,12884493,0.382962294,686944,1.45572E-06,0.145572274
Black,Illinois,4934275,2014,18,12884493,0.382962294,1895699,9.49518E-06,0.94951783
White,Illinois,4934275,2014,8,12884493,0.382962294,9983837,8.01295E-07,0.080129513
Black,Illinois,5009667,2015,13,12858913,0.389587129,1889241,6.88107E-06,0.688107023
White,Illinois,5009667,2015,6,12858913,0.389587129,9942950,6.03443E-07,0.060344264
Black,Illinois,5200415,2016,19,12820527,0.405631921,1879042,1.01115E-05,1.011153556
White,Illinois,5200415,2016,10,12820527,0.405631921,9897625,1.01034E-06,0.101034339
Black,Illinois,5255894,2017,15,12778828,0.41129703,1867708,8.03123E-06,0.8031234
White,Illinois,5255894,2017,6,12778828,0.41129703,9848285,6.09243E-07,0.060924313
Black,Illinois,5631166,2018,11,12723071,0.442594874,1858642,5.9183E-06,0.591829949
White,Illinois,5631166,2018,8,12723071,0.442594874,9786941,8.17416E-07,0.081741578
Black,Indiana,1170756,2013,11,6568713,0.178232174,623776,1.76345E-05,1.763453547
White,Indiana,1170756,2013,6,6568713,0.178232174,5666856,1.05879E-06,0.105878815
Black,Indiana,1201425,2014,2,6593644,0.182209564,629865,3.17528E-06,0.317528359
White,Indiana,1201425,2014,8,6593644,0.182209564,5674421,1.40984E-06,0.140983547
Black,Indiana,1201353,2015,7,6608422,0.181791205,635460,1.10156E-05,1.101564221
White,Indiana,1201353,2015,12,6608422,0.181791205,5673327,2.11516E-06,0.2115161
Black,Indiana,1253596,2016,5,6634304,0.188956671,642941,7.77676E-06,0.777676334
White,Indiana,1253596,2016,10,6634304,0.188956671,5678320,1.76108E-06,0.176108426
Black,Indiana,1352314,2017,7,6658078,0.203108765,650617,1.0759E-05,1.075901798
White,Indiana,1352314,2017,12,6658078,0.203108765,5683681,2.11131E-06,0.21113078
Black,Indiana,1493171,2018,4,6695497,0.223011227,660576,6.05532E-06,0.605532142
White,Indiana,1493171,2018,12,6695497,0.223011227,5696236,2.10665E-06,0.210665429
White,Kansas,796194,2013,4,2893212,0.275193798,2520102,1.58724E-06,0.158723734
Black,Kansas,756294,2014,4,2900475,0.260748326,179258,2.23142E-05,2.231420634
White,Kansas,756294,2014,9,2900475,0.260748326,2521601,3.56916E-06,0.356916102
White,Kansas,786452,2015,9,2909011,0.270350301,2523284,3.56678E-06,0.356678043
Black,Kansas,788654,2016,2,2910844,0.270936539,179604,1.11356E-05,1.113560945
White,Kansas,788654,2016,9,2910844,0.270936539,2520984,3.57003E-06,0.357003456
Black,Kansas,863049,2017,3,2908718,0.296711128,178605,1.67968E-05,1.679684219
White,Kansas,863049,2017,6,2908718,0.296711128,2517528,2.38329E-06,0.238329028
Black,Kansas,872456,2018,2,2911359,0.299673108,178539,1.1202E-05,1.120203429
White,Kansas,872456,2018,4,2911359,0.299673108,2516174,1.58972E-06,0.158971518
Black,Kentucky,787936,2013,2,4404659,0.178886947,358259,5.58255E-06,0.55825534
White,Kentucky,787936,2013,4,4404659,0.178886947,3895860,1.02673E-06,0.102673094
Black,Kentucky,801947,2014,3,4414349,0.181668237,360959,8.31119E-06,0.831119324
White,Kentucky,801947,2014,14,4414349,0.181668237,3898230,3.59137E-06,0.359137352
Black,Kentucky,771509,2015,4,4425976,0.174313869,363958,1.09903E-05,1.09902791
White,Kentucky,771509,2015,12,4425976,0.174313869,3900900,3.07621E-06,0.307621318
Black,Kentucky,761990,2016,2,4438182,0.171689669,367506,5.44209E-06,0.544208802
White,Kentucky,761990,2016,17,4438182,0.171689669,3903401,4.35518E-06,0.435517642
Black,Kentucky,829322,2017,1,4452268,0.18626956,372275,2.68619E-06,0.268618629
White,Kentucky,829322,2017,16,4452268,0.18626956,3907652,4.09453E-06,0.409453042
Asian,Kentucky,868077,2018,1,4461153,0.194585794,70374,1.42098E-05,1.420979339
Black,Kentucky,868077,2018,3,4461153,0.194585794,375075,7.9984E-06,0.799840032
Native American,Kentucky,868077,2018,1,4461153,0.194585794,13330,7.50188E-05,7.501875469
White,Kentucky,868077,2018,15,4461153,0.194585794,3910380,3.83594E-06,0.383594433
Black,Massachusetts,2251161,2013,5,6713315,0.335327778,549930,9.09207E-06,0.909206626
White,Massachusetts,2251161,2013,5,6713315,0.335327778,5572298,8.97296E-07,0.089729587
Black,Massachusetts,2559353,2014,1,6762596,0.378457178,564199,1.77242E-06,0.177242427
White,Massachusetts,2559353,2014,3,6762596,0.378457178,5584070,5.37243E-07,0.053724255
Black,Massachusetts,2426320,2015,2,6794228,0.357114892,576824,3.46726E-06,0.346726211
White,Massachusetts,2426320,2015,5,6794228,0.357114892,5582256,8.95695E-07,0.089569522
Black,Massachusetts,2515455,2016,5,6823608,0.368640022,589701,8.47887E-06,0.847887319
White,Massachusetts,2515455,2016,5,6823608,0.368640022,5576223,8.96664E-07,0.089666428
Black,Massachusetts,2585144,2017,1,6859789,0.37685474,603071,1.65818E-06,0.165817955
White,Massachusetts,2585144,2017,3,6859789,0.37685474,5574621,5.38153E-07,0.053815318
White,Massachusetts,2706134,2018,4,6882635,0.393182843,5569881,7.18148E-07,0.07181482
White,Maine,256765,2013,5,1328009,0.193345828,1264252,3.95491E-06,0.395490772
White,Maine,262800,2014,6,1330513,0.1975178,1264326,4.74561E-06,0.47456115
White,Maine,265292,2015,2,1328262,0.199728668,1261115,1.5859E-06,0.158589819
White,Maine,289950,2016,1,1331317,0.217791856,1261844,7.92491E-07,0.079249099
Black,Maine,310384,2017,1,1334612,0.23256497,21259,4.70389E-05,4.703890117
White,Maine,310384,2017,9,1334612,0.23256497,1263507,7.12303E-06,0.712303137
White,Maine,310974,2018,2,1339057,0.232233579,1266095,1.57966E-06,0.157966029
Black,Michigan,2537056,2013,7,9913065,0.255930532,1411844,4.95805E-06,0.495805486
White,Michigan,2537056,2013,5,9913065,0.255930532,7929749,6.30537E-07,0.063053698
Black,Michigan,2397917,2014,4,9929848,0.241485771,1410938,2.83499E-06,0.283499346
White,Michigan,2397917,2014,10,9929848,0.241485771,7929684,1.26108E-06,0.12610843
Black,Michigan,2434339,2015,7,9931715,0.245107617,1408695,4.96914E-06,0.49691381
White,Michigan,2434339,2015,11,9931715,0.245107617,7917942,1.38925E-06,0.138924988
Black,Michigan,2509076,2016,7,9950571,0.252153972,1408599,4.96948E-06,0.496947676
White,Michigan,2509076,2016,9,9950571,0.252153972,7917934,1.13666E-06,0.113666014
Asian,Michigan,2575356,2017,1,9973114,0.258229877,324044,3.086E-06,0.308600067
Black,Michigan,2575356,2017,7,9973114,0.258229877,1408914,4.96837E-06,0.496836571
White,Michigan,2575356,2017,6,9973114,0.258229877,7922472,7.57339E-07,0.075733938
Asian,Michigan,2691087,2018,1,9984072,0.26953802,331021,3.02096E-06,0.302095637
Black,Michigan,2691087,2018,6,9984072,0.26953802,1408262,4.26057E-06,0.426057083
Pacific Islander,Michigan,2691087,2018,1,9984072,0.26953802,4089,0.000244559,24.45585718
White,Michigan,2691087,2018,10,9984072,0.26953802,7920697,1.26252E-06,0.126251515
Asian,Minnesota,1655812,2013,1,5413479,0.30586837,245004,4.08157E-06,0.408156602
Black,Minnesota,1655812,2013,3,5413479,0.30586837,311032,9.64531E-06,0.964530981
White,Minnesota,1655812,2013,7,5413479,0.30586837,4659601,1.50227E-06,0.150227455
Asian,Minnesota,1740632,2014,1,5451079,0.319318799,254060,3.93608E-06,0.393607809
Black,Minnesota,1740632,2014,1,5451079,0.319318799,323684,3.08943E-06,0.30894329
White,Minnesota,1740632,2014,7,5451079,0.319318799,4670623,1.49873E-06,0.14987294
Asian,Minnesota,1840392,2015,1,5482032,0.335713473,262511,3.80936E-06,0.380936418
Black,Minnesota,1840392,2015,3,5482032,0.335713473,336891,8.90496E-06,0.890495739
Native American,Minnesota,1840392,2015,1,5482032,0.335713473,73976,1.35179E-05,1.35178977
White,Minnesota,1840392,2015,9,5482032,0.335713473,4674959,1.92515E-06,0.192515057
Asian,Minnesota,1908285,2016,1,5522744,0.34553204,271552,3.68254E-06,0.368253594
Black,Minnesota,1908285,2016,3,5522744,0.34553204,353124,8.4956E-06,0.849559928
White,Minnesota,1908285,2016,9,5522744,0.34553204,4685535,1.92081E-06,0.19208052
Asian,Minnesota,1996865,2017,1,5566230,0.358746405,279329,3.58001E-06,0.35800078
Black,Minnesota,1996865,2017,2,5566230,0.358746405,368596,5.42599E-06,0.542599486
Native American,Minnesota,1996865,2017,1,5566230,0.358746405,76089,1.31425E-05,1.314250417
White,Minnesota,1996865,2017,6,5566230,0.358746405,4700264,1.27652E-06,0.127652404
Black,Minnesota,2213782,2018,2,5606249,0.394877573,382612,5.22723E-06,0.522722758
Native American,Minnesota,2213782,2018,2,5606249,0.394877573,76983,2.59798E-05,2.597976177
White,Minnesota,2213782,2018,7,5606249,0.394877573,4713995,1.48494E-06,0.148494006
Black,Missouri,1633895,2013,10,6040715,0.270480398,711333,1.40581E-05,1.405811343
White,Missouri,1633895,2013,12,6040715,0.270480398,5054636,2.37406E-06,0.237405819
Black,Missouri,1708065,2014,12,6056202,0.282035672,714336,1.67988E-05,1.679881736
Pacific Islander,Missouri,1708065,2014,1,6056202,0.282035672,8241,0.000121344,12.1344497
White,Missouri,1708065,2014,12,6056202,0.282035672,5058673,2.37216E-06,0.237216361
Black,Missouri,1718313,2015,8,6071732,0.283002115,717333,1.11524E-05,1.115242154
White,Missouri,1718313,2015,13,6071732,0.283002115,5062290,2.56801E-06,0.256800776
Black,Missouri,1799536,2016,8,6087135,0.295629389,720019,1.11108E-05,1.111081791
White,Missouri,1799536,2016,14,6087135,0.295629389,5067791,2.76254E-06,0.276254486
Black,Missouri,1814050,2017,14,6106670,0.297060427,722085,1.93883E-05,1.938829916
White,Missouri,1814050,2017,19,6106670,0.297060427,5075415,3.74354E-06,0.374353624
Black,Missouri,1898174,2018,9,6121623,0.310076919,723809,1.24342E-05,1.243421952
Pacific Islander,Missouri,1898174,2018,1,6121623,0.310076919,9429,0.000106056,10.60557853
White,Missouri,1898174,2018,11,6121623,0.310076919,5080690,2.16506E-06,0.216506026
Black,Mississippi,673557,2013,4,2988711,0.225367056,1118901,3.57494E-06,0.357493648
White,Mississippi,673557,2013,1,2988711,0.225367056,1787471,5.5945E-07,0.055944964
Black,Mississippi,693225,2014,8,2990468,0.231811543,1122262,7.12846E-06,0.71284602
Native American,Mississippi,693225,2014,1,2990468,0.231811543,17638,5.66958E-05,5.66957705
White,Mississippi,693225,2014,7,2990468,0.231811543,1783586,3.92468E-06,0.392467759
Black,Mississippi,729351,2015,3,2988471,0.244054903,1124044,2.66893E-06,0.266893467
White,Mississippi,729351,2015,11,2988471,0.244054903,1777650,6.18794E-06,0.618794476
Black,Mississippi,756900,2016,5,2987938,0.253318509,1126424,4.43883E-06,0.443882588
White,Mississippi,756900,2016,5,2987938,0.253318509,1773354,2.81952E-06,0.281951601
Black,Mississippi,767397,2017,7,2988510,0.256782477,1128043,6.20544E-06,0.62054372
White,Mississippi,767397,2017,9,2988510,0.256782477,1770340,5.08377E-06,0.508376922
Black,Mississippi,782283,2018,5,2981020,0.262421252,1126849,4.43715E-06,0.443715174
White,Mississippi,782283,2018,6,2981020,0.262421252,1762445,3.40436E-06,0.340436155
White,Montana,298033,2013,5,1013569,0.294043129,907054,5.51235E-06,0.551235097
Native American,Montana,310531,2014,1,1021869,0.303885332,67995,1.4707E-05,1.470696375
White,Montana,310531,2014,3,1021869,0.303885332,913098,3.28552E-06,0.328551809
White,Montana,320048,2015,4,1030475,0.310582984,919833,4.34862E-06,0.434861546
White,Montana,294354,2016,5,1040859,0.282799111,927814,5.38901E-06,0.538901116
Native American,Montana,315831,2017,3,1052482,0.300082092,70563,4.25152E-05,4.251519918
White,Montana,315831,2017,3,1052482,0.300082092,936852,3.20221E-06,0.320221337
Native American,Montana,328097,2018,1,1060665,0.30933141,70876,1.41091E-05,1.410914837
White,Montana,328097,2018,5,1060665,0.30933141,943749,5.29802E-06,0.529801886
Black,North Carolina,2742595,2013,14,9843336,0.278624544,2175904,6.43411E-06,0.643410739
White,North Carolina,2742595,2013,13,9843336,0.278624544,7048240,1.84443E-06,0.184443209
Asian,North Carolina,2819857,2014,1,9932887,0.283890978,269463,3.71108E-06,0.371108464
Black,North Carolina,2819857,2014,10,9932887,0.283890978,2201449,4.54246E-06,0.454246271
White,North Carolina,2819857,2014,12,9932887,0.283890978,7090082,1.69251E-06,0.169250511
Black,North Carolina,2994177,2015,8,10031646,0.298473152,2225220,3.59515E-06,0.359515014
White,North Carolina,2994177,2015,16,10031646,0.298473152,7142858,2.24E-06,0.223999973
Black,North Carolina,3058607,2016,15,10154788,0.301198509,2253930,6.65504E-06,0.665504253
Native American,North Carolina,3058607,2016,1,10154788,0.301198509,159645,6.2639E-06,0.626389802
Pacific Islander,North Carolina,3058607,2016,1,10154788,0.301198509,12231,8.17595E-05,8.175946366
White,North Carolina,3058607,2016,19,10154788,0.301198509,7210675,2.63498E-06,0.263498216
Black,North Carolina,3211582,2017,9,10268233,0.312768711,2280761,3.94605E-06,0.394605134
White,North Carolina,3211582,2017,11,10268233,0.312768711,7270828,1.5129E-06,0.151289509
Black,North Carolina,3355251,2018,10,10381615,0.323191623,2306627,4.33533E-06,0.433533467
White,North Carolina,3355251,2018,16,10381615,0.323191623,7336997,2.18073E-06,0.218072871
White,North Dakota,156863,2013,1,722036,0.21725094,646074,1.54781E-06,0.154781031
White,North Dakota,164888,2014,1,737401,0.223606966,656875,1.52236E-06,0.152235966
Native American,North Dakota,191154,2015,1,754066,0.253497704,41547,2.40691E-05,2.406912653
White,North Dakota,195776,2016,1,754434,0.2595005,662681,1.50902E-06,0.150902169
Native American,North Dakota,232272,2017,3,754942,0.307668669,42067,7.13148E-05,7.131480733
White,North Dakota,223713,2018,4,758080,0.295104738,660720,6.054E-06,0.60540017
Black,Nebraska,424497,2013,1,1865279,0.227578287,90405,1.10613E-05,1.10613351
White,Nebraska,424497,2013,2,1865279,0.227578287,1672409,1.19588E-06,0.119587972
Black,Nebraska,443872,2014,1,1879321,0.236187432,92459,1.08156E-05,1.081560475
White,Nebraska,443872,2014,5,1879321,0.236187432,1678770,2.97837E-06,0.297837107
Black,Nebraska,464920,2015,2,1891277,0.245823325,93989,2.12791E-05,2.127908585
White,Nebraska,464920,2015,7,1891277,0.245823325,1684410,4.15576E-06,0.41557578
Black,Nebraska,493201,2016,2,1905616,0.258814473,96223,2.07851E-05,2.078505139
White,Nebraska,493201,2016,6,1905616,0.258814473,1690996,3.5482E-06,0.354820473
Native American,Nebraska,502495,2017,1,1915947,0.262269781,28674,3.48748E-05,3.487479947
Black,Nebraska,525240,2018,1,1925614,0.272764947,99264,1.00741E-05,1.007414571
White,New Hampshire,365370,2013,2,1326622,0.275413795,1248938,1.60136E-06,0.160136052
White,New Hampshire,398849,2014,1,1333341,0.29913503,1252812,7.98204E-07,0.079820436
White,New Hampshire,400873,2015,4,1336350,0.299976054,1252746,3.19299E-06,0.319298565
White,New Hampshire,393792,2016,2,1342307,0.29336955,1255396,1.59312E-06,0.159312281
White,New Hampshire,420331,2017,3,1348787,0.311636307,1259593,2.38172E-06,0.238172171
White,New Hampshire,443926,2018,2,1353465,0.327992227,1262037,1.58474E-06,0.158473959
Asian,New Jersey,3442602,2013,1,8856972,0.388688369,799890,1.25017E-06,0.12501719
Black,New Jersey,3442602,2013,6,8856972,0.388688369,1306161,4.59361E-06,0.459361442
White,New Jersey,3442602,2013,2,8856972,0.388688369,6514205,3.07021E-07,0.030702135
Black,New Jersey,3434808,2014,9,8864525,0.387477953,1313341,6.85275E-06,0.685275187
White,New Jersey,3434808,2014,1,8864525,0.387477953,6495168,1.53961E-07,0.015396061
Black,New Jersey,3398018,2015,6,8867949,0.383179696,1319283,4.54792E-06,0.45479249
White,New Jersey,3398018,2015,8,8867949,0.383179696,6470332,1.23641E-06,0.12364126
Black,New Jersey,3518642,2016,9,8870827,0.396653209,1323504,6.80013E-06,0.680013056
White,New Jersey,3518642,2016,4,8870827,0.396653209,6447703,6.20376E-07,0.062037597
Black,New Jersey,3562292,2017,8,8885525,0.400909569,1327681,6.02554E-06,0.602554379
White,New Jersey,3562292,2017,2,8885525,0.400909569,6431527,3.10968E-07,0.031096814
Black,New Jersey,3541732,2018,7,8886025,0.398573265,1331146,5.25863E-06,0.525862678
White,New Jersey,3541732,2018,5,8886025,0.398573265,6412643,7.7971E-07,0.077970971
Black,New Mexico,651823,2013,1,2092273,0.311538217,50769,1.96971E-05,1.969705923
White,New Mexico,651823,2013,6,2092273,0.311538217,1735232,3.45775E-06,0.345775089
Asian,New Mexico,677271,2014,1,2089568,0.324120105,34973,2.85935E-05,2.85934864
Black,New Mexico,677271,2014,2,2089568,0.324120105,51259,3.90175E-05,3.901753838
Native American,New Mexico,677271,2014,2,2089568,0.324120105,221635,9.02385E-06,0.902384551
White,New Mexico,677271,2014,7,2089568,0.324120105,1728148,4.05058E-06,0.4050579
White,New Mexico,677223,2015,9,2089291,0.324140103,1722879,5.22381E-06,0.522381432
Native American,New Mexico,687256,2016,1,2091630,0.328574365,226754,4.41007E-06,0.441006553
White,New Mexico,687256,2016,7,2091630,0.328574365,1721226,4.06687E-06,0.406686862
Native American,New Mexico,706090,2017,1,2091784,0.337553973,228502,4.37633E-06,0.437632931
White,New Mexico,706090,2017,5,2091784,0.337553973,1718166,2.91008E-06,0.29100797
Black,New Mexico,716023,2018,1,2092741,0.342146018,53661,1.86355E-05,1.86355081
Native American,New Mexico,716023,2018,1,2092741,0.342146018,228967,4.36744E-06,0.43674416
White,New Mexico,716023,2018,4,2092741,0.342146018,1716439,2.33041E-06,0.233040615
Asian,Nevada,1088816,2013,1,2775970,0.392229023,221876,4.50702E-06,0.450702194
Black,Nevada,1088816,2013,1,2775970,0.392229023,249219,4.01254E-06,0.401253516
White,Nevada,1088816,2013,7,2775970,0.392229023,2131701,3.28376E-06,0.328376259
Asian,Nevada,1114204,2014,1,2817628,0.39544042,229308,4.36095E-06,0.436094685
Black,Nevada,1114204,2014,4,2817628,0.39544042,257590,1.55286E-05,1.552855313
White,Nevada,1114204,2014,13,2817628,0.39544042,2151287,6.04289E-06,0.604289432
Black,Nevada,1123779,2015,3,2866939,0.391978692,268539,1.11716E-05,1.117156167
White,Nevada,1123779,2015,14,2866939,0.391978692,2174733,6.43757E-06,0.643757188
Black,Nevada,1180808,2016,2,2917563,0.40472408,280959,7.11848E-06,0.711847636
White,Nevada,1180808,2016,5,2917563,0.40472408,2197650,2.27516E-06,0.227515755
Black,Nevada,1268927,2017,4,2969905,0.427261815,294042,1.36035E-05,1.360349882
Native American,Nevada,1268927,2017,1,2969905,0.427261815,49586,2.0167E-05,2.016698262
White,Nevada,1268927,2017,8,2969905,0.427261815,2220937,3.60208E-06,0.360208326
Black,Nevada,1358095,2018,4,3027341,0.448609853,305994,1.30722E-05,1.307215174
Native American,Nevada,1358095,2018,1,3027341,0.448609853,50847,1.96668E-05,1.966684367
White,Nevada,1358095,2018,7,3027341,0.448609853,2251090,3.1096E-06,0.310960468
Black,New York,9309457,2013,13,19624447,0.474380603,3442795,3.776E-06,0.377600177
White,New York,9309457,2013,5,19624447,0.474380603,13917381,3.59263E-07,0.0359263
Black,New York,9386345,2014,11,19651049,0.477651091,3450840,3.18763E-06,0.318762968
White,New York,9386345,2014,9,19651049,0.477651091,13885879,6.4814E-07,0.064814046
Asian,New York,9569397,2015,1,19654666,0.486876602,1670741,5.98537E-07,0.059853682
Black,New York,9569397,2015,11,19654666,0.486876602,3454601,3.18416E-06,0.318415933
White,New York,9569397,2015,10,19654666,0.486876602,13837239,7.22688E-07,0.072268752
Black,New York,9923400,2016,11,19633428,0.505433896,3453356,3.18531E-06,0.318530728
White,New York,9923400,2016,9,19633428,0.505433896,13773337,6.53436E-07,0.065343642
Black,New York,10381319,2017,8,19589572,0.529941083,3443385,2.3233E-06,0.232329525
White,New York,10381319,2017,4,19589572,0.529941083,13706039,2.91842E-07,0.029184216
Black,New York,10789525,2018,7,19530351,0.552449109,3432310,2.03944E-06,0.203944282
White,New York,10789525,2018,6,19530351,0.552449109,13634357,4.40065E-07,0.044006476
Black,Ohio,3238846,2013,13,11576684,0.279773206,1455976,8.92872E-06,0.892871861
White,Ohio,3238846,2013,12,11576684,0.279773206,9623567,1.24694E-06,0.124693889
Black,Ohio,3279254,2014,13,11602700,0.282628526,1468625,8.85182E-06,0.885181718
White,Ohio,3279254,2014,15,11602700,0.282628526,9617058,1.55973E-06,0.155972856
Asian,Ohio,3419005,2015,1,11617527,0.294297143,249875,4.002E-06,0.4002001
Black,Ohio,3419005,2015,15,11617527,0.294297143,1481398,1.01256E-05,1.012557058
White,Ohio,3419005,2015,18,11617527,0.294297143,9599241,1.87515E-06,0.187514825
Asian,Ohio,3659235,2016,2,11634370,0.314519394,262775,7.61107E-06,0.761107411
Black,Ohio,3659235,2016,12,11634370,0.314519394,1493613,8.03421E-06,0.803420966
White,Ohio,3659235,2016,13,11634370,0.314519394,9583165,1.35655E-06,0.135654557
Black,Ohio,3819737,2017,11,11659650,0.327603058,1505501,7.30654E-06,0.730653782
White,Ohio,3819737,2017,23,11659650,0.327603058,9576538,2.4017E-06,0.2401703
Black,Ohio,3971190,2018,9,11676341,0.340105689,1516653,5.93412E-06,0.593411941
White,Ohio,3971190,2018,22,11676341,0.340105689,9564938,2.30007E-06,0.230006718
Black,Oklahoma,886532,2013,6,3853214,0.230075983,295641,2.02949E-05,2.029488467
Native American,Oklahoma,886532,2013,1,3853214,0.230075983,351251,2.84697E-06,0.284696698
Pacific Islander,Oklahoma,886532,2013,1,3853214,0.230075983,6457,0.000154871,15.4870683
White,Oklahoma,886532,2013,9,3853214,0.230075983,2900337,3.10309E-06,0.310308768
Black,Oklahoma,992099,2014,7,3878187,0.255815153,298489,2.34515E-05,2.345145047
White,Oklahoma,992099,2014,14,3878187,0.255815153,2909805,4.81132E-06,0.481131897
Black,Oklahoma,986926,2015,12,3909500,0.252443023,302446,3.96765E-05,3.967650424
Native American,Oklahoma,986926,2015,1,3909500,0.252443023,360185,2.77635E-06,0.277635104
White,Oklahoma,986926,2015,23,3909500,0.252443023,2922493,7.86999E-06,0.786999319
Black,Oklahoma,1026168,2016,7,3926331,0.261355449,304272,2.30057E-05,2.300573171
Native American,Oklahoma,1026168,2016,2,3926331,0.261355449,364222,5.49116E-06,0.549115649
White,Oklahoma,1026168,2016,18,3926331,0.261355449,2927248,6.14912E-06,0.614912027
Asian,Oklahoma,1007597,2017,1,3931316,0.25630018,90351,1.10679E-05,1.106794612
Black,Oklahoma,1007597,2017,3,3931316,0.25630018,305118,9.83226E-06,0.983226162
Native American,Oklahoma,1007597,2017,4,3931316,0.25630018,367825,1.08747E-05,1.087473663
White,Oklahoma,1007597,2017,19,3931316,0.25630018,2923281,6.49955E-06,0.649954623
Asian,Oklahoma,1051882,2018,1,3940235,0.266959204,92013,1.0868E-05,1.086802952
Black,Oklahoma,1051882,2018,6,3940235,0.266959204,306154,1.9598E-05,1.95979801
Native American,Oklahoma,1051882,2018,2,3940235,0.266959204,369808,5.40821E-06,0.540821183
White,Oklahoma,1051882,2018,23,3940235,0.266959204,2922715,7.8694E-06,0.786939541
Black,Oregon,1121290,2013,1,3922468,0.28586339,78944,1.26672E-05,1.266720713
White,Oregon,1121290,2013,7,3922468,0.28586339,3457378,2.02466E-06,0.202465568
White,Oregon,1181696,2014,13,3963244,0.298163827,3482860,3.73256E-06,0.373256462
Black,Oregon,1216039,2015,1,4015792,0.302814239,83943,1.19128E-05,1.191284562
White,Oregon,1216039,2015,15,4015792,0.302814239,3519694,4.26173E-06,0.426173412
Black,Oregon,1315523,2016,1,4089976,0.321645653,87084,1.14832E-05,1.148316568
White,Oregon,1315523,2016,15,4089976,0.321645653,3571132,4.20035E-06,0.42003488
Black,Oregon,1372469,2017,2,4143625,0.33122423,89388,2.23744E-05,2.237436792
White,Oregon,1372469,2017,8,4143625,0.33122423,3608387,2.21706E-06,0.22170571
Black,Oregon,1429499,2018,3,4181886,0.341831174,91642,3.27361E-05,3.273608171
White,Oregon,1429499,2018,14,4181886,0.341831174,3632626,3.85396E-06,0.385396129
Black,Pennsylvania,3312723,2013,9,12776309,0.259286387,1477970,6.08943E-06,0.608943348
White,Pennsylvania,3312723,2013,16,12776309,0.259286387,10616533,1.50708E-06,0.150708334
Black,Pennsylvania,3545254,2014,5,12788313,0.277226089,1489090,3.35776E-06,0.335775541
White,Pennsylvania,3545254,2014,7,12788313,0.277226089,10593495,6.60783E-07,0.066078287
Black,Pennsylvania,3696527,2015,9,12784826,0.289133931,1498205,6.00719E-06,0.60071886
White,Pennsylvania,3696527,2015,9,12784826,0.289133931,10559623,8.52303E-07,0.085230316
Black,Pennsylvania,3743124,2016,10,12782275,0.292837073,1509100,6.62647E-06,0.662646611
Native American,Pennsylvania,3743124,2016,1,12782275,0.292837073,47266,2.11569E-05,2.115685694
White,Pennsylvania,3743124,2016,11,12782275,0.292837073,10523295,1.0453E-06,0.104529997
Asian,Pennsylvania,3868384,2017,1,12787641,0.302509587,457270,2.18689E-06,0.218689177
Black,Pennsylvania,3868384,2017,8,12787641,0.302509587,1519909,5.26347E-06,0.526347301
White,Pennsylvania,3868384,2017,15,12787641,0.302509587,10495030,1.42925E-06,0.142924794
Black,Pennsylvania,4024667,2018,10,12800922,0.314404462,1531273,6.53051E-06,0.653051415
White,Pennsylvania,4024667,2018,14,12800922,0.314404462,10475329,1.33647E-06,0.133647354
White,Rhode Island,369336,2013,1,1055081,0.35005464,901075,1.10979E-06,0.110978553
Black,Rhode Island,396418,2014,1,1055936,0.375418586,81863,1.22155E-05,1.221553083
Black,Rhode Island,439212,2016,1,1056770,0.4156174,85140,1.17454E-05,1.174536058
White,Rhode Island,453891,2017,1,1055673,0.429954162,888967,1.1249E-06,0.112490115
Black,Rhode Island,476254,2018,1,1058287,0.450023481,88378,1.1315E-05,1.131503315
Asian,South Carolina,1083213,2013,1,4764080,0.227370867,70018,1.4282E-05,1.428204176
Black,South Carolina,1083213,2013,8,4764080,0.227370867,1330419,6.01314E-06,0.601314323
White,South Carolina,1083213,2013,4,4764080,0.227370867,3255341,1.22875E-06,0.122874992
Black,South Carolina,1102931,2014,5,4823617,0.228652275,1340329,3.73043E-06,0.373042738
White,South Carolina,1102931,2014,13,4823617,0.228652275,3296955,3.94303E-06,0.394303228
Black,South Carolina,1150431,2015,9,4891938,0.235168761,1351360,6.65996E-06,0.665995738
White,South Carolina,1150431,2015,11,4891938,0.235168761,3345763,3.28774E-06,0.328774035
Black,South Carolina,1237484,2016,5,4957968,0.249594995,1361728,3.67181E-06,0.367180524
White,South Carolina,1237484,2016,13,4957968,0.249594995,3393188,3.83121E-06,0.383120534
Black,South Carolina,1312767,2017,3,5021268,0.261441333,1370339,2.18924E-06,0.218923931
White,South Carolina,1312767,2017,7,5021268,0.261441333,3439656,2.03509E-06,0.203508723
Asian,South Carolina,1335847,2018,1,5084156,0.262747052,89707,1.11474E-05,1.11474021
Black,South Carolina,1335847,2018,4,5084156,0.262747052,1378890,2.90088E-06,0.290088404
White,South Carolina,1335847,2018,8,5084156,0.262747052,3485105,2.29548E-06,0.229548321
Native American,South Dakota,175091,2013,1,842316,0.207868543,76353,1.30971E-05,1.309706233
White,South Dakota,175091,2013,1,842316,0.207868543,722883,1.38335E-06,0.138334973
Native American,South Dakota,181052,2014,2,849129,0.213220842,77190,2.59101E-05,2.591009198
White,South Dakota,181052,2014,1,849129,0.213220842,727396,1.37477E-06,0.137476698
Asian,South Dakota,195390,2015,1,853988,0.228797126,11311,8.84095E-05,8.840951286
Native American,South Dakota,195390,2015,1,853988,0.228797126,77960,1.28271E-05,1.282709082
White,South Dakota,195390,2015,1,853988,0.228797126,729329,1.37112E-06,0.137112332
Native American,South Dakota,201266,2016,3,862996,0.233217767,78943,3.80021E-05,3.800210278
White,South Dakota,201266,2016,3,862996,0.233217767,733518,4.08988E-06,0.408987918
Native American,South Dakota,210283,2017,1,872868,0.240910424,79702,1.25467E-05,1.254673659
White,South Dakota,210283,2017,2,872868,0.240910424,738898,2.70673E-06,0.270673354
White,South Dakota,218917,2018,2,878698,0.249137929,743263,2.69084E-06,0.269083756
Black,Tennessee,1727868,2013,4,6494340,0.266057521,1106109,3.61628E-06,0.361628013
White,Tennessee,1727868,2013,13,6494340,0.266057521,5136549,2.53088E-06,0.253088212
Black,Tennessee,1784061,2014,6,6541223,0.272741198,1116669,5.37312E-06,0.53731231
White,Tennessee,1784061,2014,15,6541223,0.272741198,5164331,2.90454E-06,0.290453885
Asian,Tennessee,1809025,2015,1,6591170,0.274461894,115311,8.6722E-06,0.867219953
Black,Tennessee,1809025,2015,5,6591170,0.274461894,1126417,4.43885E-06,0.443885346
White,Tennessee,1809025,2015,15,6591170,0.274461894,5195387,2.88718E-06,0.288717664
Asian,Tennessee,1810523,2016,1,6646010,0.272422551,119174,8.39109E-06,0.839109202
Black,Tennessee,1810523,2016,3,6646010,0.272422551,1135529,2.64194E-06,0.264194045
White,Tennessee,1810523,2016,18,6646010,0.272422551,5231842,3.44047E-06,0.344047087
Black,Tennessee,1957286,2017,4,6708799,0.29174909,1146784,3.48802E-06,0.348801518
White,Tennessee,1957286,2017,22,6708799,0.29174909,5273129,4.1721E-06,0.417209592
Black,Tennessee,2077855,2018,10,6771631,0.306847051,1156454,8.64712E-06,0.864712302
White,Tennessee,2077855,2018,15,6771631,0.306847051,5315688,2.82184E-06,0.282183604
Asian,Texas,6659746,2013,2,26480266,0.251498455,1158838,1.72587E-06,0.172586677
Black,Texas,6659746,2013,21,26480266,0.251498455,3275007,6.4122E-06,0.641220003
White,Texas,6659746,2013,38,26480266,0.251498455,21277402,1.78593E-06,0.178593232
Asian,Texas,6981811,2014,2,26964333,0.258927636,1227720,1.62904E-06,0.162903594
Black,Texas,6981811,2014,27,26964333,0.258927636,3353743,8.05071E-06,0.805070633
White,Texas,6981811,2014,43,26964333,0.258927636,21583780,1.99224E-06,0.199223676
Asian,Texas,7307829,2015,3,27470056,0.266028908,1299892,2.30788E-06,0.230788404
Black,Texas,7307829,2015,23,27470056,0.266028908,3438127,6.68969E-06,0.668968889
White,Texas,7307829,2015,48,27470056,0.266028908,21901374,2.19164E-06,0.219164332
Asian,Texas,7693560,2016,1,27914410,0.275612488,1362465,7.33964E-07,0.073396381
Black,Texas,7693560,2016,21,27914410,0.275612488,3519315,5.96707E-06,0.59670703
Native American,Texas,7693560,2016,1,27914410,0.275612488,279845,3.57341E-06,0.357340671
White,Texas,7693560,2016,40,27914410,0.275612488,22172579,1.80403E-06,0.18040301
Asian,Texas,8207154,2017,1,28295273,0.29005389,1420351,7.04051E-07,0.070405132
Black,Texas,8207154,2017,20,28295273,0.29005389,3595304,5.56281E-06,0.556281193
White,Texas,8207154,2017,25,28295273,0.29005389,22392582,1.11644E-06,0.111644115
Asian,Texas,8360996,2018,1,28628666,0.292049794,1464438,6.82856E-07,0.068285581
Black,Texas,8360996,2018,19,28628666,0.292049794,3665172,5.18393E-06,0.518393134
White,Texas,8360996,2018,28,28628666,0.292049794,22586138,1.2397E-06,0.123969844
White,Utah,677893,2013,6,2897640,0.233946591,2656097,2.25895E-06,0.225895365
Black,Utah,719087,2014,1,2936879,0.244847336,38313,2.61008E-05,2.610080129
Pacific Islander,Utah,719087,2014,2,2936879,0.244847336,28985,6.90012E-05,6.900120752
White,Utah,719087,2014,12,2936879,0.244847336,2687815,4.46459E-06,0.446459299
Black,Utah,687542,2015,1,2981835,0.230576809,39321,2.54317E-05,2.543170316
White,Utah,687542,2015,10,2981835,0.230576809,2724698,3.67013E-06,0.367013152
White,Utah,665185,2016,9,3041868,0.218676484,2773420,3.24509E-06,0.32450909
Black,Utah,783245,2017,1,3101042,0.25257478,43714,2.2876E-05,2.287596651
White,Utah,783245,2017,3,3101042,0.25257478,2820762,1.06354E-06,0.10635424
Black,Utah,824914,2018,3,3153550,0.261582661,45473,6.59732E-05,6.597321487
Native American,Utah,824914,2018,2,3153550,0.261582661,48665,4.10973E-05,4.109729785
White,Utah,824914,2018,9,3153550,0.261582661,2863101,3.14344E-06,0.314344482
Asian,Virginia,2157392,2013,1,8252427,0.261425154,501706,1.9932E-06,0.19931992
Black,Virginia,2157392,2013,5,8252427,0.261425154,1623338,3.08007E-06,0.308007328
White,Virginia,2157392,2013,5,8252427,0.261425154,5853258,8.54225E-07,0.085422512
Black,Virginia,2239177,2014,3,8310993,0.269423521,1637077,1.83253E-06,0.183253445
White,Virginia,2239177,2014,4,8310993,0.269423521,5871545,6.81252E-07,0.06812517
Black,Virginia,2325404,2015,13,8361808,0.278098229,1651274,7.87271E-06,0.787270919
White,Virginia,2325404,2015,8,8361808,0.278098229,5882171,1.36004E-06,0.136004207
Black,Virginia,2368355,2016,9,8410106,0.281608222,1662906,5.41221E-06,0.541221212
White,Virginia,2368355,2016,8,8410106,0.281608222,5893536,1.35742E-06,0.135741938
Black,Virginia,2521225,2017,8,8463587,0.297890835,1675859,4.77367E-06,0.477367129
White,Virginia,2521225,2017,14,8463587,0.297890835,5908557,2.36944E-06,0.236944486
Black,Virginia,2566977,2018,12,8501286,0.301951611,1686884,7.11371E-06,0.711370788
White,Virginia,2566977,2018,6,8501286,0.301951611,5916393,1.01413E-06,0.101413141
White,Vermont,200977,2013,1,626210,0.320941857,596163,1.67739E-06,0.16773936
White,Vermont,217495,2015,1,625216,0.347871776,592805,1.6869E-06,0.168689535
Native American,Vermont,208207,2016,1,623657,0.333848574,2384,0.000419463,41.94630872
White,Vermont,208207,2016,1,623657,0.333848574,590279,1.69411E-06,0.169411414
White,Vermont,218564,2017,1,624344,0.350069833,589668,1.69587E-06,0.169586954
White,Vermont,231369,2018,2,624358,0.370571051,589147,3.39474E-06,0.339473849
Black,Washington,1753008,2013,4,6963985,0.251724839,277615,1.44084E-05,1.440844335
Native American,Washington,1753008,2013,1,6963985,0.251724839,131950,7.57863E-06,0.757862827
White,Washington,1753008,2013,19,6963985,0.251724839,5649428,3.36317E-06,0.336317234
Black,Washington,1916431,2014,2,7054655,0.271654815,284572,7.0281E-06,0.702809834
Native American,Washington,1916431,2014,1,7054655,0.271654815,134866,7.41477E-06,0.741476725
White,Washington,1916431,2014,24,7054655,0.271654815,5693914,4.21503E-06,0.421502678
Asian,Washington,1996318,2015,2,7163657,0.27867303,606044,3.30009E-06,0.330009042
Native American,Washington,1996318,2015,3,7163657,0.27867303,137661,2.17927E-05,2.179266459
Pacific Islander,Washington,1996318,2015,1,7163657,0.27867303,52008,1.92278E-05,1.922781111
White,Washington,1996318,2015,12,7163657,0.27867303,5751619,2.08637E-06,0.208636907
Asian,Washington,2094309,2016,1,7294771,0.287097292,634596,1.57581E-06,0.157580571
Black,Washington,2094309,2016,4,7294771,0.287097292,302803,1.32099E-05,1.320990875
Native American,Washington,2094309,2016,3,7294771,0.287097292,140596,2.13377E-05,2.133773365
White,Washington,2094309,2016,16,7294771,0.287097292,5827356,2.74567E-06,0.274567059
Asian,Washington,2056132,2017,1,7423362,0.276981238,667135,1.49895E-06,0.149894699
Black,Washington,2056132,2017,8,7423362,0.276981238,313179,2.55445E-05,2.554449692
Native American,Washington,2056132,2017,3,7423362,0.276981238,143721,2.08738E-05,2.087377627
Pacific Islander,Washington,2056132,2017,1,7423362,0.276981238,56430,1.77211E-05,1.772107035
White,Washington,2056132,2017,17,7423362,0.276981238,5895462,2.88357E-06,0.288357384
Pacific Islander,Washington,2210190,2018,1,7523869,0.293757108,58421,1.71171E-05,1.711713254
White,Washington,2210190,2018,14,7523869,0.293757108,5940550,2.35668E-06,0.235668415
Black,Wisconsin,1806030,2013,4,5736754,0.314817404,376441,1.06258E-05,1.062583512
White,Wisconsin,1806030,2013,9,5736754,0.314817404,5047019,1.78323E-06,0.178323085
Asian,Wisconsin,1764491,2014,1,5751525,0.306786635,154652,6.46613E-06,0.646613041
Black,Wisconsin,1764491,2014,3,5751525,0.306786635,379440,7.90639E-06,0.790638836
White,Wisconsin,1764491,2014,5,5751525,0.306786635,5048909,9.90313E-07,0.099031296
Black,Wisconsin,1818287,2015,2,5760940,0.315623318,381794,5.23843E-06,0.523842701
White,Wisconsin,1818287,2015,6,5760940,0.315623318,5045983,1.18906E-06,0.118906465
Black,Wisconsin,1894438,2016,5,5772628,0.328176006,384254,1.30122E-05,1.301222629
White,Wisconsin,1894438,2016,12,5772628,0.328176006,5045904,2.37817E-06,0.237816653
Asian,Wisconsin,1850700,2017,1,5790186,0.319627038,170521,5.86438E-06,0.586438034
Black,Wisconsin,1850700,2017,7,5790186,0.319627038,387433,1.80676E-05,1.806764008
Native American,Wisconsin,1850700,2017,3,5790186,0.319627038,67079,4.47234E-05,4.472338586
White,Wisconsin,1850700,2017,15,5790186,0.319627038,5051222,2.96958E-06,0.296957845
Asian,Wisconsin,1903477,2018,1,5807406,0.327767165,172742,5.78898E-06,0.57889801
Black,Wisconsin,1903477,2018,3,5807406,0.327767165,389652,7.69918E-06,0.769917773
Native American,Wisconsin,1903477,2018,2,5807406,0.327767165,67794,2.95011E-05,2.950113579
White,Wisconsin,1903477,2018,6,5807406,0.327767165,5060128,1.18574E-06,0.118574076
Black,West Virginia,360686,2013,1,1853914,0.194553793,65312,1.53111E-05,1.5311122
White,West Virginia,360686,2013,6,1853914,0.194553793,1740885,3.44652E-06,0.344652289
Black,West Virginia,366881,2014,1,1849489,0.198368847,65453,1.52781E-05,1.527813851
White,West Virginia,366881,2014,5,1849489,0.198368847,1735081,2.88171E-06,0.288170985
Black,West Virginia,373308,2015,2,1842050,0.202658994,65462,3.05521E-05,3.055207601
White,West Virginia,373308,2015,7,1842050,0.202658994,1726430,4.05461E-06,0.40546098
Black,West Virginia,387736,2016,1,1831023,0.211759219,65227,1.53311E-05,1.533107456
White,West Virginia,387736,2016,11,1831023,0.211759219,1714557,6.41565E-06,0.641565139
Black,West Virginia,398189,2017,1,1817004,0.219145913,64904,1.54074E-05,1.540737089
White,West Virginia,398189,2017,9,1817004,0.219145913,1700408,5.29285E-06,0.529284736
Black,West Virginia,403004,2018,3,1804291,0.223358649,64776,4.63134E-05,4.631344943
White,West Virginia,403004,2018,4,1804291,0.223358649,1687369,2.37055E-06,0.23705544
White,Wyoming,218649,2013,1,582122,0.375606832,541207,1.84772E-06,0.184772185
White,Wyoming,216236,2014,2,582531,0.371200846,541752,3.69173E-06,0.36917261
Native American,Wyoming,222334,2015,1,585613,0.379660288,15830,6.31712E-05,6.317119394
White,Wyoming,222334,2015,4,585613,0.379660288,544435,7.34707E-06,0.734706622
White,Wyoming,233497,2016,1,584215,0.399676489,542675,1.84272E-06,0.184272355
White,Wyoming,224009,2017,1,578931,0.386935576,537032,1.86209E-06,0.186208643
White,Wyoming,222513,2018,3,577601,0.385236521,534974,5.60775E-06,0.560774916